-- phpMyAdmin SQL Dump
-- version 5.0.4
-- https://www.phpmyadmin.net/
--
-- Host: 127.0.0.1
-- Generation Time: Jan 27, 2022 at 01:01 PM
-- Server version: 10.4.17-MariaDB
-- PHP Version: 8.0.0

SET SQL_MODE = "NO_AUTO_VALUE_ON_ZERO";
START TRANSACTION;
SET time_zone = "+00:00";


/*!40101 SET @OLD_CHARACTER_SET_CLIENT=@@CHARACTER_SET_CLIENT */;
/*!40101 SET @OLD_CHARACTER_SET_RESULTS=@@CHARACTER_SET_RESULTS */;
/*!40101 SET @OLD_COLLATION_CONNECTION=@@COLLATION_CONNECTION */;
/*!40101 SET NAMES utf8mb4 */;

--
-- Database: `ecommerce`
--

-- --------------------------------------------------------

--
-- Table structure for table `banners`
--

CREATE TABLE `banners` (
  `id` bigint(20) UNSIGNED NOT NULL,
  `title` varchar(191) COLLATE utf8mb4_unicode_ci NOT NULL,
  `slug` varchar(191) COLLATE utf8mb4_unicode_ci NOT NULL,
  `photo` varchar(191) COLLATE utf8mb4_unicode_ci DEFAULT NULL,
  `description` text COLLATE utf8mb4_unicode_ci DEFAULT NULL,
  `status` enum('active','inactive') COLLATE utf8mb4_unicode_ci NOT NULL DEFAULT 'inactive',
  `created_at` timestamp NULL DEFAULT NULL,
  `updated_at` timestamp NULL DEFAULT NULL
) ENGINE=InnoDB DEFAULT CHARSET=utf8mb4 COLLATE=utf8mb4_unicode_ci;

--
-- Dumping data for table `banners`
--

INSERT INTO `banners` (`id`, `title`, `slug`, `photo`, `description`, `status`, `created_at`, `updated_at`) VALUES
(1, 'Demo', 'demo', 'http://127.0.0.1:8000/storage/photos/1/Products/39af025a-e637-41c3-9b37-fe9016bda87a.jpg', '<p><b style=\"color: rgb(0, 0, 255);\">This is Demo</b></p>', 'active', '2022-01-19 07:02:00', '2022-01-19 07:02:00'),
(2, 'Demo2', 'demo2', 'http://127.0.0.1:8000/storage/photos/1/Products/18c97bb0-df19-436d-a67e-fd6061849a70.jpg', '<p>Demo</p>', 'active', '2022-01-19 07:03:45', '2022-01-19 07:03:45');

-- --------------------------------------------------------

--
-- Table structure for table `brands`
--

CREATE TABLE `brands` (
  `id` bigint(20) UNSIGNED NOT NULL,
  `title` varchar(191) COLLATE utf8mb4_unicode_ci NOT NULL,
  `slug` varchar(191) COLLATE utf8mb4_unicode_ci NOT NULL,
  `status` enum('active','inactive') COLLATE utf8mb4_unicode_ci NOT NULL DEFAULT 'active',
  `created_at` timestamp NULL DEFAULT NULL,
  `updated_at` timestamp NULL DEFAULT NULL
) ENGINE=InnoDB DEFAULT CHARSET=utf8mb4 COLLATE=utf8mb4_unicode_ci;

-- --------------------------------------------------------

--
-- Table structure for table `carts`
--

CREATE TABLE `carts` (
  `id` bigint(20) UNSIGNED NOT NULL,
  `product_id` bigint(20) UNSIGNED NOT NULL,
  `order_id` bigint(20) UNSIGNED DEFAULT NULL,
  `user_id` bigint(20) UNSIGNED DEFAULT NULL,
  `price` double(8,2) NOT NULL,
  `status` enum('new','progress','delivered','cancel') COLLATE utf8mb4_unicode_ci NOT NULL DEFAULT 'new',
  `quantity` int(11) NOT NULL,
  `amount` double(8,2) NOT NULL,
  `created_at` timestamp NULL DEFAULT NULL,
  `updated_at` timestamp NULL DEFAULT NULL
) ENGINE=InnoDB DEFAULT CHARSET=utf8mb4 COLLATE=utf8mb4_unicode_ci;

-- --------------------------------------------------------

--
-- Table structure for table `categories`
--

CREATE TABLE `categories` (
  `id` bigint(20) UNSIGNED NOT NULL,
  `title` varchar(191) COLLATE utf8mb4_unicode_ci NOT NULL,
  `slug` varchar(191) COLLATE utf8mb4_unicode_ci NOT NULL,
  `summary` text COLLATE utf8mb4_unicode_ci DEFAULT NULL,
  `photo` varchar(191) COLLATE utf8mb4_unicode_ci DEFAULT NULL,
  `is_parent` tinyint(1) NOT NULL DEFAULT 1,
  `parent_id` bigint(20) UNSIGNED DEFAULT NULL,
  `added_by` bigint(20) UNSIGNED DEFAULT NULL,
  `status` enum('active','inactive') COLLATE utf8mb4_unicode_ci NOT NULL DEFAULT 'inactive',
  `created_at` timestamp NULL DEFAULT NULL,
  `updated_at` timestamp NULL DEFAULT NULL
) ENGINE=InnoDB DEFAULT CHARSET=utf8mb4 COLLATE=utf8mb4_unicode_ci;

--
-- Dumping data for table `categories`
--

INSERT INTO `categories` (`id`, `title`, `slug`, `summary`, `photo`, `is_parent`, `parent_id`, `added_by`, `status`, `created_at`, `updated_at`) VALUES
(1, 'Fabric', 'fabric', NULL, 'http://127.0.0.1:8000/storage/photos/1/Products/images (6).jpg', 1, NULL, NULL, 'active', '2022-01-09 08:22:35', '2022-01-10 04:14:10'),
(2, 'Jute Fabrics', 'jute-fabrics', NULL, NULL, 0, 1, NULL, 'active', '2022-01-09 08:23:39', '2022-01-09 08:23:39'),
(3, 'Cotton Fabrics', 'cotton-fabrics', NULL, NULL, 0, 1, NULL, 'active', '2022-01-09 08:24:05', '2022-01-09 08:24:05'),
(4, 'Hand Bag', 'hand-bag', '<p><br></p>', 'http://127.0.0.1:8000/storage/photos/1/Products/18c97bb0-df19-436d-a67e-fd6061849a70.jpg', 1, NULL, NULL, 'active', '2022-01-09 08:36:34', '2022-01-10 04:16:55'),
(5, 'Jute Hand Bag', 'jute-hand-bag', NULL, NULL, 0, 4, NULL, 'active', '2022-01-09 08:37:00', '2022-01-09 08:37:00'),
(7, 'Macrone Bags', 'macrone-bags', '<h3><span style=\"color: rgb(255, 0, 0); font-weight: bold;\">Macron</span></h3>', 'http://127.0.0.1:8000/storage/photos/1/Products/ed2e3f14-9b4f-437e-9c04-52271dc23abf.jpg', 0, 4, NULL, 'active', '2022-01-10 03:19:40', '2022-01-10 03:43:17'),
(8, 'Bags', 'bags', '<p>Bag</p>', 'http://127.0.0.1:8000/storage/photos/1/Products/39af025a-e637-41c3-9b37-fe9016bda87a.jpg', 1, NULL, NULL, 'active', '2022-01-25 09:41:37', '2022-01-25 09:41:37'),
(9, 'Jute Hand Bag', 'jute-hand-bag-2201254333-251', '<p>Jute Hand Bag<br></p>', 'http://127.0.0.1:8000/storage/photos/1/Products/images (1).jpg', 0, 8, NULL, 'active', '2022-01-25 09:43:33', '2022-01-25 09:43:33');

-- --------------------------------------------------------

--
-- Table structure for table `coupons`
--

CREATE TABLE `coupons` (
  `id` bigint(20) UNSIGNED NOT NULL,
  `code` varchar(191) COLLATE utf8mb4_unicode_ci NOT NULL,
  `type` enum('fixed','percent') COLLATE utf8mb4_unicode_ci NOT NULL DEFAULT 'fixed',
  `value` decimal(20,2) NOT NULL,
  `status` enum('active','inactive') COLLATE utf8mb4_unicode_ci NOT NULL DEFAULT 'inactive',
  `created_at` timestamp NULL DEFAULT NULL,
  `updated_at` timestamp NULL DEFAULT NULL
) ENGINE=InnoDB DEFAULT CHARSET=utf8mb4 COLLATE=utf8mb4_unicode_ci;

--
-- Dumping data for table `coupons`
--

INSERT INTO `coupons` (`id`, `code`, `type`, `value`, `status`, `created_at`, `updated_at`) VALUES
(1, 'abc123', 'fixed', '300.00', 'active', NULL, NULL),
(2, '111111', 'percent', '10.00', 'active', NULL, NULL);

-- --------------------------------------------------------

--
-- Table structure for table `failed_jobs`
--

CREATE TABLE `failed_jobs` (
  `id` bigint(20) UNSIGNED NOT NULL,
  `connection` text COLLATE utf8mb4_unicode_ci NOT NULL,
  `queue` text COLLATE utf8mb4_unicode_ci NOT NULL,
  `payload` longtext COLLATE utf8mb4_unicode_ci NOT NULL,
  `exception` longtext COLLATE utf8mb4_unicode_ci NOT NULL,
  `failed_at` timestamp NOT NULL DEFAULT current_timestamp()
) ENGINE=InnoDB DEFAULT CHARSET=utf8mb4 COLLATE=utf8mb4_unicode_ci;

-- --------------------------------------------------------

--
-- Table structure for table `messages`
--

CREATE TABLE `messages` (
  `id` bigint(20) UNSIGNED NOT NULL,
  `name` varchar(191) COLLATE utf8mb4_unicode_ci NOT NULL,
  `subject` text COLLATE utf8mb4_unicode_ci NOT NULL,
  `email` varchar(191) COLLATE utf8mb4_unicode_ci NOT NULL,
  `photo` varchar(191) COLLATE utf8mb4_unicode_ci DEFAULT NULL,
  `phone` varchar(191) COLLATE utf8mb4_unicode_ci DEFAULT NULL,
  `message` longtext COLLATE utf8mb4_unicode_ci NOT NULL,
  `read_at` timestamp NULL DEFAULT NULL,
  `created_at` timestamp NULL DEFAULT NULL,
  `updated_at` timestamp NULL DEFAULT NULL
) ENGINE=InnoDB DEFAULT CHARSET=utf8mb4 COLLATE=utf8mb4_unicode_ci;

-- --------------------------------------------------------

--
-- Table structure for table `migrations`
--

CREATE TABLE `migrations` (
  `id` int(10) UNSIGNED NOT NULL,
  `migration` varchar(191) COLLATE utf8mb4_unicode_ci NOT NULL,
  `batch` int(11) NOT NULL
) ENGINE=InnoDB DEFAULT CHARSET=utf8mb4 COLLATE=utf8mb4_unicode_ci;

--
-- Dumping data for table `migrations`
--

INSERT INTO `migrations` (`id`, `migration`, `batch`) VALUES
(1, '2014_10_12_000000_create_users_table', 1),
(2, '2014_10_12_100000_create_password_resets_table', 1),
(3, '2019_08_19_000000_create_failed_jobs_table', 1),
(4, '2020_07_10_021010_create_brands_table', 1),
(5, '2020_07_10_025334_create_banners_table', 1),
(6, '2020_07_10_112147_create_categories_table', 1),
(7, '2020_07_11_063857_create_products_table', 1),
(8, '2020_07_12_073132_create_post_categories_table', 1),
(9, '2020_07_12_073701_create_post_tags_table', 1),
(10, '2020_07_12_083638_create_posts_table', 1),
(11, '2020_07_13_151329_create_messages_table', 1),
(12, '2020_07_14_023748_create_shippings_table', 1),
(15, '2020_07_16_041623_create_notifications_table', 1),
(16, '2020_07_16_053240_create_coupons_table', 1),
(17, '2020_07_23_143757_create_wishlists_table', 1),
(18, '2020_07_24_074930_create_product_reviews_table', 1),
(19, '2020_07_24_131727_create_post_comments_table', 1),
(20, '2020_08_01_143408_create_settings_table', 1),
(21, '2020_07_15_054356_create_orders_table', 2),
(22, '2020_07_15_102626_create_carts_table', 2);

-- --------------------------------------------------------

--
-- Table structure for table `notifications`
--

CREATE TABLE `notifications` (
  `id` char(36) COLLATE utf8mb4_unicode_ci NOT NULL,
  `type` varchar(191) COLLATE utf8mb4_unicode_ci NOT NULL,
  `notifiable_type` varchar(191) COLLATE utf8mb4_unicode_ci NOT NULL,
  `notifiable_id` bigint(20) UNSIGNED NOT NULL,
  `data` text COLLATE utf8mb4_unicode_ci NOT NULL,
  `read_at` timestamp NULL DEFAULT NULL,
  `created_at` timestamp NULL DEFAULT NULL,
  `updated_at` timestamp NULL DEFAULT NULL
) ENGINE=InnoDB DEFAULT CHARSET=utf8mb4 COLLATE=utf8mb4_unicode_ci;

--
-- Dumping data for table `notifications`
--

INSERT INTO `notifications` (`id`, `type`, `notifiable_type`, `notifiable_id`, `data`, `read_at`, `created_at`, `updated_at`) VALUES
('13862d25-9f7e-4e55-b1a7-aa91dec9b427', 'App\\Notifications\\StatusNotification', 'App\\User', 1, '{\"title\":\"New order created\",\"actionURL\":\"http:\\/\\/127.0.0.1:8000\\/admin\\/order\\/1\",\"fas\":\"fa-file-alt\"}', '2022-01-09 09:22:04', '2022-01-09 09:20:22', '2022-01-09 09:22:04'),
('b60a7c81-207b-42d7-8593-89f59dde13c7', 'App\\Notifications\\StatusNotification', 'App\\User', 1, '{\"title\":\"New order created\",\"actionURL\":\"http:\\/\\/127.0.0.1:8000\\/admin\\/order\\/2\",\"fas\":\"fa-file-alt\"}', '2022-01-13 07:24:52', '2022-01-13 07:24:06', '2022-01-13 07:24:52');

-- --------------------------------------------------------

--
-- Table structure for table `orders`
--

CREATE TABLE `orders` (
  `id` bigint(20) UNSIGNED NOT NULL,
  `order_number` varchar(191) COLLATE utf8mb4_unicode_ci NOT NULL,
  `user_id` bigint(20) UNSIGNED DEFAULT NULL,
  `sub_total` double(8,2) NOT NULL,
  `shipping_id` bigint(20) UNSIGNED DEFAULT NULL,
  `coupon` double(8,2) DEFAULT NULL,
  `total_amount` double(8,2) NOT NULL,
  `quantity` int(11) NOT NULL,
  `payment_method` enum('cod','bkash','rocket') COLLATE utf8mb4_unicode_ci NOT NULL DEFAULT 'cod',
  `payment_status` enum('paid','unpaid') COLLATE utf8mb4_unicode_ci NOT NULL DEFAULT 'unpaid',
  `trans_id` varchar(191) COLLATE utf8mb4_unicode_ci DEFAULT NULL,
  `status` enum('new','process','delivered','cancel') COLLATE utf8mb4_unicode_ci NOT NULL DEFAULT 'new',
  `first_name` varchar(191) COLLATE utf8mb4_unicode_ci NOT NULL,
  `last_name` varchar(191) COLLATE utf8mb4_unicode_ci NOT NULL,
  `email` varchar(191) COLLATE utf8mb4_unicode_ci NOT NULL,
  `phone` varchar(191) COLLATE utf8mb4_unicode_ci NOT NULL,
  `district` varchar(191) COLLATE utf8mb4_unicode_ci NOT NULL,
  `post_code` varchar(191) COLLATE utf8mb4_unicode_ci DEFAULT NULL,
  `address1` text COLLATE utf8mb4_unicode_ci NOT NULL,
  `address2` text COLLATE utf8mb4_unicode_ci DEFAULT NULL,
  `created_at` timestamp NULL DEFAULT NULL,
  `updated_at` timestamp NULL DEFAULT NULL
) ENGINE=InnoDB DEFAULT CHARSET=utf8mb4 COLLATE=utf8mb4_unicode_ci;

-- --------------------------------------------------------

--
-- Table structure for table `password_resets`
--

CREATE TABLE `password_resets` (
  `email` varchar(191) COLLATE utf8mb4_unicode_ci NOT NULL,
  `token` varchar(191) COLLATE utf8mb4_unicode_ci NOT NULL,
  `created_at` timestamp NULL DEFAULT NULL
) ENGINE=InnoDB DEFAULT CHARSET=utf8mb4 COLLATE=utf8mb4_unicode_ci;

-- --------------------------------------------------------

--
-- Table structure for table `posts`
--

CREATE TABLE `posts` (
  `id` bigint(20) UNSIGNED NOT NULL,
  `title` varchar(191) COLLATE utf8mb4_unicode_ci NOT NULL,
  `slug` varchar(191) COLLATE utf8mb4_unicode_ci NOT NULL,
  `summary` text COLLATE utf8mb4_unicode_ci NOT NULL,
  `description` longtext COLLATE utf8mb4_unicode_ci DEFAULT NULL,
  `quote` text COLLATE utf8mb4_unicode_ci DEFAULT NULL,
  `photo` varchar(191) COLLATE utf8mb4_unicode_ci DEFAULT NULL,
  `tags` varchar(191) COLLATE utf8mb4_unicode_ci DEFAULT NULL,
  `post_cat_id` bigint(20) UNSIGNED DEFAULT NULL,
  `post_tag_id` bigint(20) UNSIGNED DEFAULT NULL,
  `added_by` bigint(20) UNSIGNED DEFAULT NULL,
  `status` enum('active','inactive') COLLATE utf8mb4_unicode_ci NOT NULL DEFAULT 'active',
  `created_at` timestamp NULL DEFAULT NULL,
  `updated_at` timestamp NULL DEFAULT NULL
) ENGINE=InnoDB DEFAULT CHARSET=utf8mb4 COLLATE=utf8mb4_unicode_ci;

-- --------------------------------------------------------

--
-- Table structure for table `post_categories`
--

CREATE TABLE `post_categories` (
  `id` bigint(20) UNSIGNED NOT NULL,
  `title` varchar(191) COLLATE utf8mb4_unicode_ci NOT NULL,
  `slug` varchar(191) COLLATE utf8mb4_unicode_ci NOT NULL,
  `status` enum('active','inactive') COLLATE utf8mb4_unicode_ci NOT NULL DEFAULT 'active',
  `created_at` timestamp NULL DEFAULT NULL,
  `updated_at` timestamp NULL DEFAULT NULL
) ENGINE=InnoDB DEFAULT CHARSET=utf8mb4 COLLATE=utf8mb4_unicode_ci;

-- --------------------------------------------------------

--
-- Table structure for table `post_comments`
--

CREATE TABLE `post_comments` (
  `id` bigint(20) UNSIGNED NOT NULL,
  `user_id` bigint(20) UNSIGNED DEFAULT NULL,
  `post_id` bigint(20) UNSIGNED DEFAULT NULL,
  `comment` text COLLATE utf8mb4_unicode_ci NOT NULL,
  `status` enum('active','inactive') COLLATE utf8mb4_unicode_ci NOT NULL DEFAULT 'active',
  `replied_comment` text COLLATE utf8mb4_unicode_ci DEFAULT NULL,
  `parent_id` bigint(20) UNSIGNED DEFAULT NULL,
  `created_at` timestamp NULL DEFAULT NULL,
  `updated_at` timestamp NULL DEFAULT NULL
) ENGINE=InnoDB DEFAULT CHARSET=utf8mb4 COLLATE=utf8mb4_unicode_ci;

-- --------------------------------------------------------

--
-- Table structure for table `post_tags`
--

CREATE TABLE `post_tags` (
  `id` bigint(20) UNSIGNED NOT NULL,
  `title` varchar(191) COLLATE utf8mb4_unicode_ci NOT NULL,
  `slug` varchar(191) COLLATE utf8mb4_unicode_ci NOT NULL,
  `status` enum('active','inactive') COLLATE utf8mb4_unicode_ci NOT NULL DEFAULT 'active',
  `created_at` timestamp NULL DEFAULT NULL,
  `updated_at` timestamp NULL DEFAULT NULL
) ENGINE=InnoDB DEFAULT CHARSET=utf8mb4 COLLATE=utf8mb4_unicode_ci;

-- --------------------------------------------------------

--
-- Table structure for table `products`
--

CREATE TABLE `products` (
  `id` bigint(20) UNSIGNED NOT NULL,
  `title` varchar(191) COLLATE utf8mb4_unicode_ci NOT NULL,
  `slug` varchar(191) COLLATE utf8mb4_unicode_ci NOT NULL,
  `summary` text COLLATE utf8mb4_unicode_ci NOT NULL,
  `description` longtext COLLATE utf8mb4_unicode_ci DEFAULT NULL,
  `photo` text COLLATE utf8mb4_unicode_ci NOT NULL,
  `stock` int(11) NOT NULL DEFAULT 1,
  `size` varchar(191) COLLATE utf8mb4_unicode_ci DEFAULT 'M',
  `condition` enum('default','new','hot') COLLATE utf8mb4_unicode_ci NOT NULL DEFAULT 'default',
  `status` enum('active','inactive') COLLATE utf8mb4_unicode_ci NOT NULL DEFAULT 'inactive',
  `price` double(8,2) NOT NULL,
  `discount` double(8,2) NOT NULL,
  `is_featured` tinyint(1) NOT NULL,
  `cat_id` bigint(20) UNSIGNED DEFAULT NULL,
  `child_cat_id` bigint(20) UNSIGNED DEFAULT NULL,
  `brand_id` bigint(20) UNSIGNED DEFAULT NULL,
  `created_at` timestamp NULL DEFAULT NULL,
  `updated_at` timestamp NULL DEFAULT NULL
) ENGINE=InnoDB DEFAULT CHARSET=utf8mb4 COLLATE=utf8mb4_unicode_ci;

--
-- Dumping data for table `products`
--

INSERT INTO `products` (`id`, `title`, `slug`, `summary`, `description`, `photo`, `stock`, `size`, `condition`, `status`, `price`, `discount`, `is_featured`, `cat_id`, `child_cat_id`, `brand_id`, `created_at`, `updated_at`) VALUES
(1, 'Jute Fabrics', 'jute-fabrics', '<p>100% Jute Fabric.</p>', '<p>100% Jute Fabric.<br></p>', 'http://127.0.0.1:8000/storage/photos/1/Products/images (4).jpg', 5, '', 'new', 'active', 100.00, 0.00, 1, 1, NULL, NULL, '2022-01-09 08:29:03', '2022-01-09 08:29:03'),
(3, 'Jute Bag', 'jute-bag', '<p>This is a 100% jute bag.</p>', '<p>This is a 100% jute bag.<br></p>', 'http://127.0.0.1:8000/storage/photos/1/Products/download.jpg', 49, 'S,M,L', 'hot', 'active', 500.00, 20.00, 1, 4, 5, NULL, '2022-01-09 08:39:31', '2022-01-09 08:39:31'),
(4, 'Macrone Bag', 'macrone-bag', '<p><span style=\"color: rgb(255, 0, 0); background-color: rgb(255, 255, 255); font-weight: bold;\">Macrone Bag</span><br></p>', '<p>Macrone Bag<br></p>', 'http://127.0.0.1:8000/storage/photos/1/Products/18c97bb0-df19-436d-a67e-fd6061849a70.jpg', 30, 'M,L,XL', 'new', 'active', 1200.00, 29.00, 1, 4, 7, NULL, '2022-01-10 03:34:18', '2022-01-10 03:41:11'),
(5, 'Macrone Bag', 'macrone-bag-2201103556-220', '<p>Macrone Bag 2<br></p>', '<p>Macrone Bag 2<br></p>', 'http://127.0.0.1:8000/storage/photos/1/Products/ed2e3f14-9b4f-437e-9c04-52271dc23abf.jpg', 100, 'S', 'new', 'active', 1500.00, 0.00, 1, 4, NULL, NULL, '2022-01-10 03:35:56', '2022-01-10 03:35:56'),
(6, 'Fabric', 'fabric', '<p>Fabric</p>', '<p>Fabric<br></p>', 'http://127.0.0.1:8000/storage/photos/1/Products/images (8).jpg', 10, '', 'new', 'active', 99.00, 58.00, 1, 1, 2, NULL, '2022-01-25 05:03:53', '2022-01-25 05:03:53'),
(7, 'Fabric', 'fabric-2201250617-152', '<p>Fabric<br></p>', '<p>Fabric<br></p>', 'http://127.0.0.1:8000/storage/photos/1/Products/images (7).jpg', 500, '', 'hot', 'active', 500.00, 49.00, 1, 1, 2, NULL, '2022-01-25 05:06:17', '2022-01-25 05:06:17'),
(8, 'Jute Fabric', 'jute-fabric', '<p>Fabric</p>', '<p>Fabric</p>', 'http://127.0.0.1:8000/storage/photos/1/Products/images (3).jpg', 500, '', 'hot', 'active', 150.00, 0.00, 1, 1, 3, NULL, '2022-01-25 09:45:02', '2022-01-25 09:45:02'),
(9, 'Hand Bag', 'hand-bag', '<p>Hand Bag</p>', '<p>Hand Bag</p>', 'http://127.0.0.1:8000/storage/photos/1/Products/8cae7976-6da7-467c-9546-0470b4991f36.jpg', 9, '', 'default', 'active', 1599.00, 11.00, 1, 8, 9, NULL, '2022-01-27 02:10:08', '2022-01-27 02:10:08'),
(10, 'Fabric', 'fabric-2201271503-560', '<p>Fabric</p>', '<p>Fabric</p>', 'http://127.0.0.1:8000/storage/photos/1/Products/download (3).jpg', 99, '', 'hot', 'active', 149.00, 9.00, 1, 1, 3, NULL, '2022-01-27 02:15:03', '2022-01-27 02:15:03');

-- --------------------------------------------------------

--
-- Table structure for table `product_reviews`
--

CREATE TABLE `product_reviews` (
  `id` bigint(20) UNSIGNED NOT NULL,
  `user_id` bigint(20) UNSIGNED DEFAULT NULL,
  `product_id` bigint(20) UNSIGNED DEFAULT NULL,
  `rate` tinyint(4) NOT NULL DEFAULT 0,
  `review` text COLLATE utf8mb4_unicode_ci DEFAULT NULL,
  `status` enum('active','inactive') COLLATE utf8mb4_unicode_ci NOT NULL DEFAULT 'active',
  `created_at` timestamp NULL DEFAULT NULL,
  `updated_at` timestamp NULL DEFAULT NULL
) ENGINE=InnoDB DEFAULT CHARSET=utf8mb4 COLLATE=utf8mb4_unicode_ci;

-- --------------------------------------------------------

--
-- Table structure for table `settings`
--

CREATE TABLE `settings` (
  `id` bigint(20) UNSIGNED NOT NULL,
  `description` longtext COLLATE utf8mb4_unicode_ci NOT NULL,
  `short_des` text COLLATE utf8mb4_unicode_ci NOT NULL,
  `logo` varchar(191) COLLATE utf8mb4_unicode_ci NOT NULL,
  `photo` varchar(191) COLLATE utf8mb4_unicode_ci NOT NULL,
  `address` varchar(191) COLLATE utf8mb4_unicode_ci NOT NULL,
  `phone` varchar(191) COLLATE utf8mb4_unicode_ci NOT NULL,
  `email` varchar(191) COLLATE utf8mb4_unicode_ci NOT NULL,
  `created_at` timestamp NULL DEFAULT NULL,
  `updated_at` timestamp NULL DEFAULT NULL
) ENGINE=InnoDB DEFAULT CHARSET=utf8mb4 COLLATE=utf8mb4_unicode_ci;

--
-- Dumping data for table `settings`
--

INSERT INTO `settings` (`id`, `description`, `short_des`, `logo`, `photo`, `address`, `phone`, `email`, `created_at`, `updated_at`) VALUES
(1, '<span style=\"font-family: &quot;Open Sans&quot;, Arial, sans-serif; font-size: 14px; text-align: justify;\">\"Lorem ipsum dolor sit amet, consectetur adipiscing elit, sed do eiusmod tempor incididunt ut labore et dolore magna aliqua. Ut enim ad minim veniam, quis nostrud exercitation ullamco laboris nisi ut aliquip ex ea commodo consequat. Duis aute irure dolor in reprehenderit in voluptate velit esse cillum dolore eu fugiat nulla pariatur. Excepteur sint occaecat cupidatat non proident, sunt in culpa qui officia deserunt mollit anim id est laborum.\"</span>', '<p><b><span style=\"margin: 0px; padding: 0px; font-family: &quot;Open Sans&quot;, Arial, sans-serif; font-size: 14px; text-align: justify;\">Lorem Ipsum</span><span style=\"font-family: &quot;Open Sans&quot;, Arial, sans-serif; font-size: 14px; text-align: justify;\">&nbsp;is simply a dummy text of the printing and typesetting industry. Lorem Ipsum has been the industry\'s standard dummy text ever since the 1500s when an unknown printer took a galley of type and scrambled it to make a type specimen book.</span></b><br></p><p><b style=\"color: rgb(0, 0, 255);\"><br></b></p>', 'http://127.0.0.1:8000/storage/photos/1/logo.png', 'http://127.0.0.1:8000/storage/photos/1/logo.png', 'Tangail, Dhaka, Bangladesh', '01700-000000', 'eshop@gmail.com', NULL, '2022-01-27 02:08:06');

-- --------------------------------------------------------

--
-- Table structure for table `shippings`
--

CREATE TABLE `shippings` (
  `id` bigint(20) UNSIGNED NOT NULL,
  `type` varchar(191) COLLATE utf8mb4_unicode_ci NOT NULL,
  `price` decimal(8,2) NOT NULL,
  `status` enum('active','inactive') COLLATE utf8mb4_unicode_ci NOT NULL DEFAULT 'active',
  `created_at` timestamp NULL DEFAULT NULL,
  `updated_at` timestamp NULL DEFAULT NULL
) ENGINE=InnoDB DEFAULT CHARSET=utf8mb4 COLLATE=utf8mb4_unicode_ci;

--
-- Dumping data for table `shippings`
--

INSERT INTO `shippings` (`id`, `type`, `price`, `status`, `created_at`, `updated_at`) VALUES
(1, 'RedX', '100.00', 'active', '2022-01-09 09:18:11', '2022-01-09 09:18:11'),
(2, 'S.A Paribahan', '50.00', 'active', '2022-01-09 09:18:34', '2022-01-09 09:18:34');

-- --------------------------------------------------------

--
-- Table structure for table `users`
--

CREATE TABLE `users` (
  `id` bigint(20) UNSIGNED NOT NULL,
  `name` varchar(191) COLLATE utf8mb4_unicode_ci NOT NULL,
  `email` varchar(191) COLLATE utf8mb4_unicode_ci DEFAULT NULL,
  `email_verified_at` timestamp NULL DEFAULT NULL,
  `password` varchar(191) COLLATE utf8mb4_unicode_ci DEFAULT NULL,
  `photo` varchar(191) COLLATE utf8mb4_unicode_ci DEFAULT NULL,
  `role` enum('admin','user') COLLATE utf8mb4_unicode_ci NOT NULL DEFAULT 'user',
  `provider` varchar(191) COLLATE utf8mb4_unicode_ci DEFAULT NULL,
  `provider_id` varchar(191) COLLATE utf8mb4_unicode_ci DEFAULT NULL,
  `status` enum('active','inactive') COLLATE utf8mb4_unicode_ci NOT NULL DEFAULT 'active',
  `remember_token` varchar(100) COLLATE utf8mb4_unicode_ci DEFAULT NULL,
  `created_at` timestamp NULL DEFAULT NULL,
  `updated_at` timestamp NULL DEFAULT NULL
) ENGINE=InnoDB DEFAULT CHARSET=utf8mb4 COLLATE=utf8mb4_unicode_ci;

--
-- Dumping data for table `users`
--

INSERT INTO `users` (`id`, `name`, `email`, `email_verified_at`, `password`, `photo`, `role`, `provider`, `provider_id`, `status`, `remember_token`, `created_at`, `updated_at`) VALUES
(1, 'Admin', 'admin@gmail.com', NULL, '$2y$10$tGKBtALmwm5RfjrGGgupuOnRBHr4ru4DKb15w3lru1XdsMl5vnnoW', NULL, 'admin', NULL, NULL, 'active', NULL, NULL, NULL),
(2, 'User', 'user@gmail.com', NULL, '$2y$10$c3MlJBzXXybvev77PsCXe.SN4cHvuO/eRD6wTxizhB73awIXEa23y', NULL, 'user', NULL, NULL, 'active', NULL, NULL, NULL),
(3, 'Merazul Ehsan', 'merazulehsan880@gmail.com', NULL, '$2y$10$VrkRCTe6r.zLAKTHBkHtDOA2eZcbJQKbp4VrIOaXIOyBJWnvO7bmi', NULL, 'user', NULL, NULL, 'active', NULL, '2022-01-09 08:57:19', '2022-01-09 08:57:19'),
(4, 'Merazul Ehsan', 'merazul.personal@gmail.com', NULL, NULL, NULL, 'user', 'google', '107858323673304509063', 'active', NULL, '2022-01-13 05:09:29', '2022-01-13 05:09:29'),
(5, 'Merajul Ehsan Sowad', 'sowad21@gmail.com', NULL, NULL, NULL, 'user', 'google', '115088684347410369030', 'active', NULL, '2022-01-19 06:45:01', '2022-01-19 06:45:01');

-- --------------------------------------------------------

--
-- Table structure for table `wishlists`
--

CREATE TABLE `wishlists` (
  `id` bigint(20) UNSIGNED NOT NULL,
  `product_id` bigint(20) UNSIGNED NOT NULL,
  `cart_id` bigint(20) UNSIGNED DEFAULT NULL,
  `user_id` bigint(20) UNSIGNED DEFAULT NULL,
  `price` double(8,2) NOT NULL,
  `quantity` int(11) NOT NULL,
  `amount` double(8,2) NOT NULL,
  `created_at` timestamp NULL DEFAULT NULL,
  `updated_at` timestamp NULL DEFAULT NULL
) ENGINE=InnoDB DEFAULT CHARSET=utf8mb4 COLLATE=utf8mb4_unicode_ci;

--
-- Indexes for dumped tables
--

--
-- Indexes for table `banners`
--
ALTER TABLE `banners`
  ADD PRIMARY KEY (`id`),
  ADD UNIQUE KEY `banners_slug_unique` (`slug`);

--
-- Indexes for table `brands`
--
ALTER TABLE `brands`
  ADD PRIMARY KEY (`id`),
  ADD UNIQUE KEY `brands_slug_unique` (`slug`);

--
-- Indexes for table `carts`
--
ALTER TABLE `carts`
  ADD PRIMARY KEY (`id`),
  ADD KEY `carts_product_id_foreign` (`product_id`),
  ADD KEY `carts_user_id_foreign` (`user_id`),
  ADD KEY `carts_order_id_foreign` (`order_id`);

--
-- Indexes for table `categories`
--
ALTER TABLE `categories`
  ADD PRIMARY KEY (`id`),
  ADD UNIQUE KEY `categories_slug_unique` (`slug`),
  ADD KEY `categories_parent_id_foreign` (`parent_id`),
  ADD KEY `categories_added_by_foreign` (`added_by`);

--
-- Indexes for table `coupons`
--
ALTER TABLE `coupons`
  ADD PRIMARY KEY (`id`),
  ADD UNIQUE KEY `coupons_code_unique` (`code`);

--
-- Indexes for table `failed_jobs`
--
ALTER TABLE `failed_jobs`
  ADD PRIMARY KEY (`id`);

--
-- Indexes for table `messages`
--
ALTER TABLE `messages`
  ADD PRIMARY KEY (`id`);

--
-- Indexes for table `migrations`
--
ALTER TABLE `migrations`
  ADD PRIMARY KEY (`id`);

--
-- Indexes for table `notifications`
--
ALTER TABLE `notifications`
  ADD PRIMARY KEY (`id`),
  ADD KEY `notifications_notifiable_type_notifiable_id_index` (`notifiable_type`,`notifiable_id`);

--
-- Indexes for table `orders`
--
ALTER TABLE `orders`
  ADD PRIMARY KEY (`id`),
  ADD UNIQUE KEY `orders_order_number_unique` (`order_number`),
  ADD KEY `orders_user_id_foreign` (`user_id`),
  ADD KEY `orders_shipping_id_foreign` (`shipping_id`);

--
-- Indexes for table `password_resets`
--
ALTER TABLE `password_resets`
  ADD KEY `password_resets_email_index` (`email`);

--
-- Indexes for table `posts`
--
ALTER TABLE `posts`
  ADD PRIMARY KEY (`id`),
  ADD UNIQUE KEY `posts_slug_unique` (`slug`),
  ADD KEY `posts_post_cat_id_foreign` (`post_cat_id`),
  ADD KEY `posts_post_tag_id_foreign` (`post_tag_id`),
  ADD KEY `posts_added_by_foreign` (`added_by`);

--
-- Indexes for table `post_categories`
--
ALTER TABLE `post_categories`
  ADD PRIMARY KEY (`id`),
  ADD UNIQUE KEY `post_categories_slug_unique` (`slug`);

--
-- Indexes for table `post_comments`
--
ALTER TABLE `post_comments`
  ADD PRIMARY KEY (`id`),
  ADD KEY `post_comments_user_id_foreign` (`user_id`),
  ADD KEY `post_comments_post_id_foreign` (`post_id`);

--
-- Indexes for table `post_tags`
--
ALTER TABLE `post_tags`
  ADD PRIMARY KEY (`id`),
  ADD UNIQUE KEY `post_tags_slug_unique` (`slug`);

--
-- Indexes for table `products`
--
ALTER TABLE `products`
  ADD PRIMARY KEY (`id`),
  ADD UNIQUE KEY `products_slug_unique` (`slug`),
  ADD KEY `products_brand_id_foreign` (`brand_id`),
  ADD KEY `products_cat_id_foreign` (`cat_id`),
  ADD KEY `products_child_cat_id_foreign` (`child_cat_id`);

--
-- Indexes for table `product_reviews`
--
ALTER TABLE `product_reviews`
  ADD PRIMARY KEY (`id`),
  ADD KEY `product_reviews_user_id_foreign` (`user_id`),
  ADD KEY `product_reviews_product_id_foreign` (`product_id`);

--
-- Indexes for table `settings`
--
ALTER TABLE `settings`
  ADD PRIMARY KEY (`id`);

--
-- Indexes for table `shippings`
--
ALTER TABLE `shippings`
  ADD PRIMARY KEY (`id`);

--
-- Indexes for table `users`
--
ALTER TABLE `users`
  ADD PRIMARY KEY (`id`),
  ADD UNIQUE KEY `users_email_unique` (`email`);

--
-- Indexes for table `wishlists`
--
ALTER TABLE `wishlists`
  ADD PRIMARY KEY (`id`),
  ADD KEY `wishlists_product_id_foreign` (`product_id`),
  ADD KEY `wishlists_user_id_foreign` (`user_id`),
  ADD KEY `wishlists_cart_id_foreign` (`cart_id`);

--
-- AUTO_INCREMENT for dumped tables
--

--
-- AUTO_INCREMENT for table `banners`
--
ALTER TABLE `banners`
  MODIFY `id` bigint(20) UNSIGNED NOT NULL AUTO_INCREMENT, AUTO_INCREMENT=3;

--
-- AUTO_INCREMENT for table `brands`
--
ALTER TABLE `brands`
  MODIFY `id` bigint(20) UNSIGNED NOT NULL AUTO_INCREMENT;

--
-- AUTO_INCREMENT for table `carts`
--
ALTER TABLE `carts`
  MODIFY `id` bigint(20) UNSIGNED NOT NULL AUTO_INCREMENT;

--
-- AUTO_INCREMENT for table `categories`
--
ALTER TABLE `categories`
  MODIFY `id` bigint(20) UNSIGNED NOT NULL AUTO_INCREMENT, AUTO_INCREMENT=10;

--
-- AUTO_INCREMENT for table `coupons`
--
ALTER TABLE `coupons`
  MODIFY `id` bigint(20) UNSIGNED NOT NULL AUTO_INCREMENT, AUTO_INCREMENT=3;

--
-- AUTO_INCREMENT for table `failed_jobs`
--
ALTER TABLE `failed_jobs`
  MODIFY `id` bigint(20) UNSIGNED NOT NULL AUTO_INCREMENT;

--
-- AUTO_INCREMENT for table `messages`
--
ALTER TABLE `messages`
  MODIFY `id` bigint(20) UNSIGNED NOT NULL AUTO_INCREMENT;

--
-- AUTO_INCREMENT for table `migrations`
--
ALTER TABLE `migrations`
  MODIFY `id` int(10) UNSIGNED NOT NULL AUTO_INCREMENT, AUTO_INCREMENT=23;

--
-- AUTO_INCREMENT for table `orders`
--
ALTER TABLE `orders`
  MODIFY `id` bigint(20) UNSIGNED NOT NULL AUTO_INCREMENT;

--
-- AUTO_INCREMENT for table `posts`
--
ALTER TABLE `posts`
  MODIFY `id` bigint(20) UNSIGNED NOT NULL AUTO_INCREMENT;

--
-- AUTO_INCREMENT for table `post_categories`
--
ALTER TABLE `post_categories`
  MODIFY `id` bigint(20) UNSIGNED NOT NULL AUTO_INCREMENT;

--
-- AUTO_INCREMENT for table `post_comments`
--
ALTER TABLE `post_comments`
  MODIFY `id` bigint(20) UNSIGNED NOT NULL AUTO_INCREMENT;

--
-- AUTO_INCREMENT for table `post_tags`
--
ALTER TABLE `post_tags`
  MODIFY `id` bigint(20) UNSIGNED NOT NULL AUTO_INCREMENT;

--
-- AUTO_INCREMENT for table `products`
--
ALTER TABLE `products`
  MODIFY `id` bigint(20) UNSIGNED NOT NULL AUTO_INCREMENT, AUTO_INCREMENT=11;

--
-- AUTO_INCREMENT for table `product_reviews`
--
ALTER TABLE `product_reviews`
  MODIFY `id` bigint(20) UNSIGNED NOT NULL AUTO_INCREMENT;

--
-- AUTO_INCREMENT for table `settings`
--
ALTER TABLE `settings`
  MODIFY `id` bigint(20) UNSIGNED NOT NULL AUTO_INCREMENT, AUTO_INCREMENT=2;

--
-- AUTO_INCREMENT for table `shippings`
--
ALTER TABLE `shippings`
  MODIFY `id` bigint(20) UNSIGNED NOT NULL AUTO_INCREMENT, AUTO_INCREMENT=3;

--
-- AUTO_INCREMENT for table `users`
--
ALTER TABLE `users`
  MODIFY `id` bigint(20) UNSIGNED NOT NULL AUTO_INCREMENT, AUTO_INCREMENT=6;

--
-- AUTO_INCREMENT for table `wishlists`
--
ALTER TABLE `wishlists`
  MODIFY `id` bigint(20) UNSIGNED NOT NULL AUTO_INCREMENT;

--
-- Constraints for dumped tables
--

--
-- Constraints for table `carts`
--
ALTER TABLE `carts`
  ADD CONSTRAINT `carts_order_id_foreign` FOREIGN KEY (`order_id`) REFERENCES `orders` (`id`) ON DELETE SET NULL,
  ADD CONSTRAINT `carts_product_id_foreign` FOREIGN KEY (`product_id`) REFERENCES `products` (`id`) ON DELETE CASCADE,
  ADD CONSTRAINT `carts_user_id_foreign` FOREIGN KEY (`user_id`) REFERENCES `users` (`id`) ON DELETE CASCADE;

--
-- Constraints for table `categories`
--
ALTER TABLE `categories`
  ADD CONSTRAINT `categories_added_by_foreign` FOREIGN KEY (`added_by`) REFERENCES `users` (`id`) ON DELETE SET NULL,
  ADD CONSTRAINT `categories_parent_id_foreign` FOREIGN KEY (`parent_id`) REFERENCES `categories` (`id`) ON DELETE SET NULL;

--
-- Constraints for table `orders`
--
ALTER TABLE `orders`
  ADD CONSTRAINT `orders_shipping_id_foreign` FOREIGN KEY (`shipping_id`) REFERENCES `shippings` (`id`) ON DELETE SET NULL,
  ADD CONSTRAINT `orders_user_id_foreign` FOREIGN KEY (`user_id`) REFERENCES `users` (`id`) ON DELETE SET NULL;

--
-- Constraints for table `posts`
--
ALTER TABLE `posts`
  ADD CONSTRAINT `posts_added_by_foreign` FOREIGN KEY (`added_by`) REFERENCES `users` (`id`) ON DELETE SET NULL,
  ADD CONSTRAINT `posts_post_cat_id_foreign` FOREIGN KEY (`post_cat_id`) REFERENCES `post_categories` (`id`) ON DELETE SET NULL,
  ADD CONSTRAINT `posts_post_tag_id_foreign` FOREIGN KEY (`post_tag_id`) REFERENCES `post_tags` (`id`) ON DELETE SET NULL;

--
-- Constraints for table `post_comments`
--
ALTER TABLE `post_comments`
  ADD CONSTRAINT `post_comments_post_id_foreign` FOREIGN KEY (`post_id`) REFERENCES `posts` (`id`) ON DELETE SET NULL,
  ADD CONSTRAINT `post_comments_user_id_foreign` FOREIGN KEY (`user_id`) REFERENCES `users` (`id`) ON DELETE SET NULL;

--
-- Constraints for table `products`
--
ALTER TABLE `products`
  ADD CONSTRAINT `products_brand_id_foreign` FOREIGN KEY (`brand_id`) REFERENCES `brands` (`id`) ON DELETE SET NULL,
  ADD CONSTRAINT `products_cat_id_foreign` FOREIGN KEY (`cat_id`) REFERENCES `categories` (`id`) ON DELETE SET NULL,
  ADD CONSTRAINT `products_child_cat_id_foreign` FOREIGN KEY (`child_cat_id`) REFERENCES `categories` (`id`) ON DELETE SET NULL;

--
-- Constraints for table `product_reviews`
--
ALTER TABLE `product_reviews`
  ADD CONSTRAINT `product_reviews_product_id_foreign` FOREIGN KEY (`product_id`) REFERENCES `products` (`id`) ON DELETE SET NULL,
  ADD CONSTRAINT `product_reviews_user_id_foreign` FOREIGN KEY (`user_id`) REFERENCES `users` (`id`) ON DELETE SET NULL;

--
-- Constraints for table `wishlists`
--
ALTER TABLE `wishlists`
  ADD CONSTRAINT `wishlists_cart_id_foreign` FOREIGN KEY (`cart_id`) REFERENCES `carts` (`id`) ON DELETE SET NULL,
  ADD CONSTRAINT `wishlists_product_id_foreign` FOREIGN KEY (`product_id`) REFERENCES `products` (`id`) ON DELETE CASCADE,
  ADD CONSTRAINT `wishlists_user_id_foreign` FOREIGN KEY (`user_id`) REFERENCES `users` (`id`) ON DELETE SET NULL;
COMMIT;

/*!40101 SET CHARACTER_SET_CLIENT=@OLD_CHARACTER_SET_CLIENT */;
/*!40101 SET CHARACTER_SET_RESULTS=@OLD_CHARACTER_SET_RESULTS */;
/*!40101 SET COLLATION_CONNECTION=@OLD_COLLATION_CONNECTION */;
